{"cameraMode":{"drawMode":0,"name":"Shaded","section":"Shading Mode"},"sceneLighting":true,"audioPlay":false,"sceneViewState":{"m_AlwaysRefresh":false,"showFog":true,"showSkybox":true,"showFlares":true,"showImageEffects":true,"showParticleSystems":true,"showVisualEffectGraphs":true,"m_FxEnabled":true},"in2DMode":false,"pivot":{"x":3.958967685699463,"y":0.0031576156616210939,"z":2.5367841720581056},"rotation":{"x":-0.1000329852104187,"y":-0.013435025699436665,"z":0.0013508913107216359,"w":-0.9948931932449341},"size":9.748245239257813,"orthographic":false}